{
  "train_loss": [
    0.49740253257751466,
    0.3504210658073425,
    0.2882758669257164
  ],
  "val": [
    {
      "acc": 0.86,
      "f1": 0.8523231675414761,
      "loss": 0.35354511393234134
    },
    {
      "acc": 0.868,
      "f1": 0.8574538668878291,
      "loss": 0.3312225678237155
    },
    {
      "acc": 0.866,
      "f1": 0.8544231462851829,
      "loss": 0.3769271292258054
    }
  ]
}